First Name,Last Name,Honours,Care Of,PO BOX,First Line Address,Second Line Address,Town,County,Country,Company Number,Person Number,Appointment Date,Postcode,DOB,Title
INDIGO,VANVU,,,,3 SHROPSHIRE CLOSE,,MITCHAM,,ENGLAND,88958775,556806630001,20190429,CR4 1XW,197404,MR
CAMERON,CANNON,,,,78 LEDBURY ROAD,,LONDON,,,78249759,801392550003,19920831,W11 2AH,194210,MR
JODIE,REMSBURY,,,,2ND FLOOR REGIS HOUSE,45 KING WILLIAM STREET,LONDON,,UNITED KINGDOM,71327535,767633990002,19911231,EC4R 9AN,196405,MR
ZEPHYR,GO AHEAD SERVICE LIMITED,,,,69 GREAT HAMPTON STREET,,BIRMINGHAM,WEST MIDLANDS,,65780191,684219590001,20060314,B18 6EW,,
KEEGAN,BARRETT,,,,CARTERS WAY,CHELVEY BATCH BACKWELL,BRISTOL,,,25410031,166976070001,19901231,BS48 3AR,194311,MR
LARKIN,MENZIES,,,,36 SKELMORLIE AVENUE,,BISHOPTON,RENFREWSHIRE,SCOTLAND,43262095,862949670002,20201009,PA7 5RZ,199108,MR
VAL,MCCORMACK,,,,CHARNWOOD,SHIPTON ROAD,MILTON UNDER WYCHWOOD,OXON,,82683495,584682790001,20060227,OX7 6JS,196311,MR
HERO,JETHWA,,,,38 TELSCOMBE WAY,,LUTON,,,43411175,569858710001,20071015,LU2 8JW,198604,MR
RAY,PUJARA,,,,47-49 PARK ROYAL ROAD,PREMIER HOUSE,LONDON,,ENGLAND,19861223,606408710005,20160921,NW10 7LQ,194510,MR
RAY,AUQUIER,,,,LA COUTOURONE,,VENASQUE,,FRANCE,48592463,171269110001,20110202,,,
BEAU,HOPES,,,,14 THE HAMILTONS,,NEWMARKET,SUFFOLK,,48284607,860725030002,20000406,CB8 0NF,196708,
NEO,KWIZERA,,,,"THE BRISTOL OFFICE 2ND FLOOR, 5 HIGH STREET",WESTBURY-ON-TRYM,BRISTOL,,ENGLAND,49772551,904553030001,20220908,BS9 3BY,197012,MR
BERLIN,FIRST DIRECTORS LIMITED,,,,72 NEW BOND STREET,,LONDON,,,90716431,882032950001,19981211,W1S 1RR,,
NICO,PANCHANI,,,,22 ST. JOHN STREET,,LONDON,,ENGLAND,85016551,502707190001,20230815,EC1M 4AY,198607,MRS
DREW,WALSHE,,,,78 WOODFIELD PARK DRIVE,,LEIGH ON SEA,ESSEX,,33219239,182250630001,19930210,SS9 1LW,197008,MRS
LYRIC,LYE,,,,COPPERFIELDS SEALE LANE,PUTTENHAM,GUILDFORD,SURREY,UNITED KINGDOM,95575975,885841350001,20100504,GU3 1AX,194804,MRS
FINLEY,WILLIAMS,,,,WESTBOURNE HOUSE 22,POOLE ROAD,BOURNEMOUTH,,ENGLAND,76903559,907297030001,20131120,BH4 9DS,194001,DR
REESE,MPS ACCOUNTANCY SERVICES LTD,,,,80 FRIAR GATE,,DERBY,DERBYSHIRE,UNITED KINGDOM,89474223,941633510002,20061027,DE1 1FL,,
KIT,FOREMANS COMPANY SERVICES LIMITED,,,,OFFICE VILLAGE,CHESTER BUSINESS PARK,CHESTER,CHESHIRE,,12462743,531842150001,20070327,CH4 9QP,,
JULY,BATTERBEE,,,,57 BRAESIDE AVENUE,PATCHAM,BRIGHTON,EAST SUSSEX,,15340863,328066150001,20070619,BN1 8RN,,
ALI,AIGBUKOR,,,,4 HINDHEAD CLOSE,,UXBRIDGE,MIDDLESEX,,26053647,252121590001,20080606,UB8 3UE,196509,
WINTER,HOOPER,,,,152 POVEREST ROAD,PETTS WOOD,ORPINGTON,KENT,UNITED KINGDOM,50050935,558267030001,20120518,BR5 1GU,197511,MR
WOLF,LENKOV,,,,14 SOUTHMERE CRESCENT,,BRADFORD,,ENGLAND,88615311,324737510001,20200813,BD7 3NP,196201,MR
CARTER,MOSES,,,,33 STATION ROAD WEST,,TRIMDON STATION,COUNTY DURHAM,,42826783,226710870001,19980820,TS29 6BP,196708,MR
EVEREST,MITCHELL,,,,40 COLLETT CLOSE,HEDGE END,SOUTHAMPTON,,ENGLAND,39539391,314681430002,20201102,SO30 2RR,197806,MR
SPENCER,FAIRCLOUGH,,,,FLAT 3 QUEENS PLACE DENZIL ROAD,,GUILDFORD,,ENGLAND,17882991,296822630001,20230822,GU2 7AT,199607,MR
HARLEY,JANKOVIC,,,,11 SHERIDAN COURT,BARKSTON GARDENS,LONDON,,,91528271,755130230002,19910119,SW5 0ET,194705,MRS
PAXTON,GABEM COMPANY SECRETARIAL LIMITED,,,,GABEM GROUP,WATERSIDE,PETWORTH,WEST SUSSEX,,12145719,879290470001,20040416,GU28 9BP,,
BOWIE,MYERS,,,,FIRST FLOOR RIVER COURT THE OLD MILL OFFICE PARK MILL LANE,,GODALMING,SURREY,ENGLAND,31805527,477818390001,20230320,GU7 1EZ,197007,MRS
JAMIE,MARWAHA,,,,180 ASHBURTON AVENUE,,ILFORD,ESSEX,,18107735,330351270001,20010404,IG3 9EL,198304,
EZRA,GEDDES,,,,OFFICE SUITE D MAGNOLIA HOUSE,19 STOUR ROAD,CHRISTCHURCH,DORSET,ENGLAND,33815391,902811110001,20090721,BH23 1PL,198302,MR
BLAIR,COBBETTS (SECRETARIAL) LIMITED,,,,C/O COBBETTS LLP 58 MOSLEY STREET,,MANCHESTER,,,99421951,751487750001,20080326,M2 3HZ,,
MACKENZIE,NICOLAI,,,,8 HASELDINE MEADOWS,,HATFIELD,,ENGLAND,31534719,324616470001,20201111,AL10 8HE,199703,MR
COVE,TEBBUTT,,,,PENDRE HERTFORD DRIVE,FOBBING,STANFORD LE HOPE,ESSEX,,28672743,111542950001,19910530,SS17 9HL,193803,MR
GERRY,EDGE,,,,20-22 WENLOCK ROAD,,LONDON,,ENGLAND,78251407,564982070004,20150325,N1 7GU,196206,MR
WREN,WHITRICK,,,,"R M W ELECTRICAL SERVICES LTD, UNIT 1-2 SWEETLAKE BUSINESS VILLAGE",,SHREWSBURY,SHROPSHIRE,UNITED KINGDOM,52516655,432428150001,20211022,SY3 9EW,196104,MRS
ASHLEY,MERRICK,,,,LAUREN HOUSE 37A WAKEFIELD ROAD,TANDEM,HUDDERSFIELD,WEST YORKSHIRE,ENGLAND,62119847,199465510001,20110207,HD5 0AN,196803,MR
MARVEL,HOPPER,,,,UNIT C1-5 TAMERTON ROAD BUSINESS PARK HAXTER WOOD CHASE,ROBOROUGH,PLYMOUTH,DEVON,UNITED KINGDOM,66810135,395146150004,20090810,PL6 7FR,197304,MR
BASIL,CASTRO,,,,5 QUEEN STREET,,NORWICH,,ENGLAND,85974631,668071430001,20170407,NR2 4TL,196601,
SULLIVAN,KUSAMOTU,,,,58 KINGS WAY,,HARROW,,ENGLAND,84373207,249083110001,20141017,HA1 1XU,198206,MRS
ASHLEY,WILLIAMSON,,,,9-10 SCIROCCO CLOSE,MOULTON PARK,NORTHAMPTON,,,23406511,553406550001,20111004,NN3 6AP,197309,MR
FRANKIE,TURNER,,,,297 WIMBLEDON PARK ROAD,,LONDON,,ENGLAND,44835047,728262710003,20070426,SW19 6NP,196605,MR
JUPITER,VINCENT,,,,MADDOX HALL,TERLING HALL ROAD TERLING,CHELMSFORD,ESSEX,,95176255,337856710001,20041125,CM3 2BY,197004,
KAI,RAABE-WEBBER,,C/O THE HIVE MUSIC AND MEDIA CENTRE,,5 BELMONT,,SHREWSBURY,SHROPSHIRE,,78635991,859150230001,20150416,SY1 1TE,196508,MRS
LENNON,CLARKSON,,,,6 CHARNWOOD AVENUE,,JOHNSTONE,RENFREWSHIRE,UNITED KINGDOM,66204399,854780310001,20180802,PA5 0AF,,MISS
LARKIN,BANJOKO,,,,34 MANDEVILLE ROAD,,LONDON,,UNITED KINGDOM,66127255,787356870002,20141006,N14 7NH,196502,MRS
KIT,ADAM,,,,INTERNATIONAL HOUSE 223 REGENT STREET,,LONDON,,ENGLAND,45552583,795245110001,20170705,W1B 2QD,195610,MR
MARLOW,FIELDING,,C/O ROBERT DAY AND COMPANY,,THE OLD LIBRARY THE WALK,WINSLOW,BUCKINGHAM,,,24542847,530209910001,20110607,MK18 3AJ,196908,MR
CAREY,BARRA PROPERTIES LTD,,,,5 HALES MEADOW,,HARPENDEN,,ENGLAND,56612639,994648630001,20181031,AL5 4JB,,
SIDNEY,JONES,,,,FLAT 8 621 GREAT NORTHERN ROAD,,ABERDEEN,,SCOTLAND,49567439,438827990001,20220526,AB24 2DY,196410,MR
BILLIE,ANDREWS,,,,40 MILL STREET,,ST OSYTH,ESSEX,,37823711,625530470001,20060301,CO16 8EJ,197001,
CASSIDY,ROBINSON,,,,2 PAGES COTTAGES,"CHELMSFORD ROAD,",WHITE RODING,ESSEX,,15020679,501669190001,20030411,CM6 1RH,196801,
BRECK,JACKSON,,,,FLINT HOUSE,COCKING,MIDHURST,W SUSSEX,,45338479,682953030001,19910704,GU29 0HD,194404,MR
BRIGHTON,ESSEX,,,,"4TH FLOOR, NOVA SOUTH 160 VICTORIA STREET",,LONDON,,ENGLAND,42519919,326722790001,20160830,SW1E 5LB,,MISS
AMOS,KNOTT,,,,56 WOODLAND AVENUE WOODLAND AVENUE,PENCOED,BRIDGEND,,WALES,45797687,154039030002,20200630,CF35 6UP,198709,MR
GERRY,ALI,,,,126 SHEIL ROAD,,LIVERPOOL,,ENGLAND,22027487,496166710001,20230208,L6 7UA,199509,MR
ARMANI,HULSTON,,,,18 CULROSS AVENUE,,MANCHESTER,,ENGLAND,61292199,312327350001,20220101,M40 3SD,,MRS
MCKENNA,SHARMA,,,,EAGLE HOUSE EAGLE WAY,NORTHFLEET,GRAVESEND,,ENGLAND,59879767,750878310003,20230426,DA11 9BJ,198002,MR
VESPER,HOPTROFF,,,,76 SOUTH VIEW AVENUE,CAVERSHAM,READING,,ENGLAND,13500711,687191670001,20140123,RG4 5BB,195408,MR
DARBY,HALL,,,,SAPPHIRE COURT WALSGRAVE TRIANGLE,,COVENTRY,WEST MIDLANDS,,59530263,389408390001,20140101,CV2 2TX,197006,MRS
SPENCER,SUTHERLAND,,,,TORREN,GLENCOE,ARGYLL,,,13526463,679080950002,19990120,PH49 4HX,196708,
DARCY,HENDERSON,,,,"WESTHAVEN HOUSE, ARLESTON WAY",SHIRLEY,SOLIHULL,WEST MIDLANDS,,84558759,538541430001,20150101,B90 4LH,,MR
DALLAS,TOUMAZOU,,,,TOUMAZ TECHNOLOGY LTD 115 MILTON PARK,BUILDING 3,ABINGDON,OXON,UNITED KINGDOM,60309871,157633750002,20061108,OX14 4RZ,196107,PROF.
ASA,BAINBRIDGE-DANIEL,,,,32 BOWLAND DRIVE,,BOLTON,,ENGLAND,55770135,492572870003,20110316,BL1 5TX,196912,MRS
CYPRESS,FARRELL,,,,4 NAPIER GARDENS,,BENFLEET,,ENGLAND,87088871,658638390001,20220506,SS7 3UZ,196410,MRS
PRESLEY,HALLIGAN,,,,BUILDING 4 SANDWICH INDUSTRIAL ESTATE,,SANDWICH,KENT,UNITED KINGDOM,44678591,912012550001,20201111,CT13 9LU,196207,MR
ARIEL,TSAI,,,,,,,,,60041183,329429990001,20230421,,199805,MR
CYPRESS,HUNT,MENG,,,UNIT 5.17 PAINTWORKS,ARNOS VALE,BRISTOL,,ENGLAND,20087879,959835110003,20090402,BS4 3EH,198104,MR
INDIGO,JORDAN,,,,"SANDALL HOUSE, 230 HIGH STREET",HERNE BAY,KENT,,,96286919,449801510002,20071207,CT6 5AX,196903,MR
HARLEY,MANN,,,,156 ABBEY ROAD,,SMETHWICK,WEST MIDLANDS,UNITED KINGDOM,85376375,501706790001,20201120,B67 5NW,197804,MR
JACKIE,LONDON COMPANY SERVICES LTD,,,,GROUND FLOOR WEST 68 SOUTH LAMBETH ROAD,,LONDON,LONDON,UNITED KINGDOM,62165111,996169430001,20120220,SW8 1RL,,
JACK,PARKES,,,,105 DALMENY AVENUE,NORBURY,LONDON,,,71506303,289561910001,20040907,SW16 4RR,197610,
JULIAN,MEADS,,,,5 WIGMORE STREET,,LONDON,,ENGLAND,23986431,964954150001,20170706,W1U 1PB,197702,MR
AMOS,JORDAN SECRETARIES LIMITED,,,,21 ST. THOMAS STREET,,BRISTOL,AVON,,72159671,818439670001,20070313,BS1 6JS,,
TANNER,WICKHAM COURT LIMITED,,,,SELSDON PARK HOTEL ADDINGTON ROAD,,SANDERSTEAD,SURREY,,40621151,517475590001,19970312,CR2 8YA,,
JAMIE,PRICE,,,,14 LILLIARD CLOSE,,HODDESDON,HERTFORDSHIRE,UNITED KINGDOM,78015879,141962470001,20130206,EN11 0RU,195809,MR
KODI,CARLEY,,,,12 THE DELL GAINS PARK,BICTON HEATH,SHREWSBURY,SHROPSHIRE,,38501655,602308150001,20040413,SY3 5HG,,
KENDALL,FARRINGTON,,,,UNIT 1 THE OLD SAWMILL SHAW BRIDGE STREET,,CLITHEROE,LANCASHIRE,ENGLAND,24975663,445363910003,20170403,BB7 1LY,196505,MRS
LANDRY,GEORGE,,,,11 MARTIN DENE,,BEXLEYHEATH,KENT,,88971767,437416870001,19960409,DA6 8NA,192608,
VESPER,HEWS,,,,UNIT 3 PEGASUS HOUSE PEGASUS COURT,TACHBROOK PARK,WARWICK,,ENGLAND,68817423,554767510003,20220118,CV34 6LW,196610,MR
ACE,DAWIDOWICZ,,,,11A FALMER ROAD,,ENFIELD,,UNITED KINGDOM,96747135,112464630001,20161012,EN1 1PZ,199202,MR
MARION,MILLWARD,,,,5TH FLOOR 10 WHITECHAPEL HIGH STREET,,LONDON,,UNITED KINGDOM,48722143,841822470001,20201210,E1 8QS,196510,MR
DENVER,ADLAWAN,,,,"OFFICE 6, RIVERSIDE BUSINESS CENTRE WORCESTER ROAD",,STOURPORT-ON-SEVERN,,UNITED KINGDOM,83647831,424250710001,20210805,DY13 9BZ,199402,MR
STORY,FREI,,,,CHEMIN MARGENCEL 11BIS,,VESANAZ,,SWITZERLAND,94311991,424835190001,19970408,,195702,
NOAH,JACOBS,,,,OFFICE 3 UNIT R1 PENFOLD WORKS,IMPERIAL WAY,WATFORD,,UNITED KINGDOM,19415239,800765510001,20141002,WD24 4YY,196506,
SULLIVAN,GRANT,,,,4 BANK AVENUE,,DUNDEE,,,77710991,513015990002,19901130,DD3 8NY,195411,MR
JACK,BOWERS,,,,SPRING BANK STATION ROAD,BARLASTON,STOKE ON TRENT,STAFFORDSHIRE,,49702559,311184710001,19910930,ST12 9DE,194906,MR
JACKIE,ALOM,,,,26 GOODMAYES ROAD,,LONDON,,UNITED KINGDOM,94432615,997387110001,20221027,IG3 9UN,198506,MR
BOBBIE,DAINES,,,,GLADSTONE HOUSE 77-79 HIGH STREET,,EGHAM,SURREY,UNITED KINGDOM,53001135,468893270025,20100317,TW20 9HY,195311,MR
MAX,SWAIN,,,,29 LONGDEN CLOSE,,HAYNES,BEDFORDSHIRE,,17528119,794841110001,20071024,MK45 3PJ,194901,
RORY,SYDNEY,,,,11 COLE CLOSE,,LONDON,,,80946647,687680790001,20071011,SE28 8AU,197010,
DAKOTA,ANDERSON,,,,60 WALLACE STREET,,GREENOCK,,SCOTLAND,18671215,940131750001,20200511,PA16 9BL,199008,MR
CYPRESS,1ST SECRETARIES LIMITED,,,,71-75 SHELTON STREET,COVENT GARDEN,LONDON,,ENGLAND,42434623,149475750001,20221201,WC2H 9JQ,,
BLAIR,CUNNELL,,,,22 BROAD HAPENNY,BOUNDSTONE,FARNHAM,SURREY,,38752279,165370630001,19960415,GU10 4TF,194203,
WALKER,MOTII,,,,41 KESWICK AVENUE,,LONDON,,ENGLAND,59878191,273608710001,20230201,SW15 3QH,196709,MRS
SOL,SMITH,,,,113 BELVOIR DRIVE,BARTON SEAGRAVE,KETTERING,,,12347815,609630630001,20040224,NN15 6RD,196611,MRS
RIVER,GHELANI,,,,12 BRIDGFORD ROAD,WEST BRIDGFORD,NOTTINGHAM,NOTTINGHAMSHIRE,,96465487,536501430002,20090430,NG2 6AB,196101,MR
MASON,WEST,,C/O GERMINAL SEEDS,,PORTVIEW ROAD PORTVIEW ROAD,AVONMOUTH,BRISTOL,,ENGLAND,15451351,447050230001,20090814,BS11 9JH,196809,MR
BROOK,GILBERT,,,,25 SALCOMBE DRIVE,EARLEY,READING,BERKSHIRE,,11352543,706776950001,19910331,RG6 7HU,194501,
NOVA,DORPINGHAUS,,,,1412 CEDAR RIVER DRIVE,,WAVERLY,IA 50677,USA,85498551,733265750003,19990226,,197003,
REESE,BARNES,,,,2708 COASTLINE,PLANO,TEXAS,75093,USA,71945335,635291670002,20020429,,196007,
DAKOTA,REAKES,,,,4TH FLOOR ALLAN HOUSE 10 JOHN PRINCESS STREET,,LONDON,,,44551695,201197510001,20130417,W1G 0AH,,
NICO,LEGGE,,,,STRUMBLE COTTAGE,4 PRIMROSE HILL,BATH,AVON,,90825727,783276390001,19910621,BA1 2US,196103,
JADEN,WARD SMITH,,,,101 CALBOURNE ROAD,,LONDON,,,93954103,714269350001,20011112,SW12 8LS,196302,MS
EVEREST,WHITEFIELD,,,,116 HENDON LANE,,LONDON,,,23343231,361475350001,20080925,N3 3SJ,196611,MR.
ROWAN,FISHER,,,,THE GENTLEMAN JIM 31 RAVENS SQUARE,WOOTEYS WAY,ALTON,HAMPSHIRE,ENGLAND,36256247,417786550001,20101203,GU34 2LL,198005,MRS
TERRY,JONES,,,,CROSSLANDS HOUSE NYNEHEAD,,WELLINGTON,SOMERSET,ENGLAND,32670863,294193990005,19970619,TA21 0BS,194608,
KENDALL,BURT,,,,SOUTH QUAY TEMPLE BACK,,BRISTOL,,UNITED KINGDOM,12023319,997071510001,20220920,BS1 6FL,198303,
JAZZ,CROSS,,,,11 ST. MARKS AVENUE,,SALISBURY,,ENGLAND,31612767,965800870001,20200427,SP1 3DH,195910,MR
MADISON,ALSOP,,,,3 LOGAN ROAD,BISHOPSTON,BRISTOL,,,27187831,296218630004,20060301,BS7 8DU,196308,DR
STEVIE,SMART,,,,44 LOWER ROAD,,EASTBOURNE,EAST SUSSEX,,15647047,565048150001,20090421,BN21 1QE,,MR
CLARKE,SWABY,,,,UNIT 9 STEPHENSON CLOSE,DRAYTON FIELDS,DAVENTRY,NORTHAMPTONSHIRE,,15885383,125369990001,20130927,NN11 8RF,196404,MRS
HAL,CARBADO,,,,225 LYNG LANE,,WEST BROMWICH,,UNITED KINGDOM,46149279,812405190001,20180618,B70 7RQ,199712,MR
RIVER,PHILIPS,,,,12 SPRINGFIELD GARDENS,MAUD,PETERHEAD,ABERDEENSHIRE,,40458487,478294310001,19900816,AB42 8QZ,,
BENTLEY,YOUNG,,,,5 TYNEHAM CLOSE,,AYLESBURY,BUCKINGHAMSHIRE,,33202807,494784390002,20020131,HP21 9XA,196107,MRS
LUXURY,KATONGOLE,,,,THE BALANCE 2 PINFOLD STREET,,SHEFFIELD,,ENGLAND,93365599,969390310001,20200128,S1 2GU,197601,MR
JADEN,KELVIN ROY,,,,46 GOLD FURLONG,,BEDFORD,BEDFORDSHIRE,UNITED KINGDOM,76710431,454461750001,20210716,MK43 0EG,199706,
ELLISON,FREEMAN,,,,34 DARVELL DRIVE,,CHESHAM,,ENGLAND,87053367,340727190001,20221109,HP5 2QL,197607,MISS
AUDEN,SHORT,,,,20 SHARFLEET DRIVE,KNIGHTS PLACE,ROCHESTER,KENT,,17909815,238130550001,20030415,ME2 2UA,195406,
SONNY,HUGHES,,,,127 WATERS EDGE,WATERSIDE DICKENS HEATH,SOLIHULL,WEST MIDLANDS,,66144031,711137910002,19990401,B90 1UE,195502,MR
ANGEL,PETERS,,,,"UNIT 93 NORTH MERSEY BUSINESS CENTRE, WOODWARD ROAD",KNOWSLEY INDUSTRIAL PARK,LIVERPOOL,,ENGLAND,37849991,778488870003,20090218,L33 7UY,198102,MR
LUX,PAYNE,,,,22 VALENTIA ROAD,HEADINGTON,OXFORD,OXFORDSHIRE,,66280639,608625190001,19910829,OX3 7PL,,
BRIGHTON,GRIBBEN,,,,5 SHANGARRY GARDENS,BELFAST,,,,74861519,292089910001,19651117,,,
BAY,PILLAY,,,,136 BARROW GATE,,LONDON,,,46731679,782241670001,19911231,W4 4QP,196009,
ZION,NIXON,,,,31 LINKS ROAD PENN,,WOLVERHAMPTON,WEST MIDLANDS,ENGLAND,55481015,265699910001,20150801,WV4 5RG,196010,MR
LEIGHTON,YOUNGMAN,,,,BROOKLYN ALDERHOLT ROAD,SANDLEHEATH,FORDINGBRIDGE,HAMPSHIRE,,12083399,235106710001,20220406,SP6 1PT,,MRS
LEXINGTON,MAYER,,,,62 LEHMGRUBENSTR,,ZELL AM MAIN,BAVARIA,GERMANY,57496079,815176870001,20050222,,,
EVAN,HANCOCK,,,,SAXHAM BURY ST EDMUNDS,,SUFFOLK,,,34987375,985685350003,20181001,IP28 6QZ,198308,MR
RAMSEY,LAMBOURNE,,,,37 FURNESS ROAD,FULHAM,LONDON,,,83827191,632195590003,20020829,SW6 2LJ,197310,
OCTOBER,TURNER,,,,18 JAY MEWS,,LONDON,,,84470823,821372230001,20050117,SW7 2EP,193509,MR
JACK,RILEY,,,,28 OAKWOOD ROAD,,LEICESTER,,,79360711,699910630002,20010329,LE4 0BD,,
MARLOW,DUNNE,,,,103 WELLINGTON ROAD,,WALLASEY,MERSEYSIDE,,36611951,514213670001,20071113,CH45 2NF,195803,MR.
REED,WALKER,,,,22 THE CROFT,,FILEY,NORTH YORKSHIRE,,67191607,889821910001,19920901,YO14 9LT,197106,MISS
NEO,FOX,,,,26 SYDNEY STREET,,LONDON,,,31987191,991921030002,20010620,SW3 6PP,195701,
REMY,MCLINTOCK,,,,MSCM SUBSEA TECHNOLOGY & DEVELOPMENT FACILITY CORONATION ROAD,CRESSEX BUSINESS PARK,HIGH WYCOMBE,BUCKINGHAMSHIRE,,97166807,755919670001,20200601,HP12 3TA,195906,MR
DREW,GRENE,,,,LIBRAVEJ 7,,8270 HOEJBJERG,,DENMARK,55365631,677053590003,20180201,,197207,MR
INDIGO,KARLSEN,,,,GRANSDALEN 23 D,,OSLO,,,18341071,924279910001,20060309,,,
AZARIAH,BASSETT,,,,81 GORDON ROAD,,DARTFORD,KENT,ENGLAND,70439431,179285110001,20130513,DA1 2LG,198408,
AMOS,PASCOE,,,,UNIT 2 DOVEDALE STUDIOS,465 BATTERSEA PARK ROAD,LONDON,,,45181751,713605670001,20071214,SW11 4LR,197301,MR
JESSIE,BASHIR,,,,4 STABLE STREET,,LONDON,,UNITED KINGDOM,88791863,990037350001,20210528,N1C 4AB,,
ARDEN,OZVARDAR,,,,30 UPPER HIGH STREET,,THAME,,ENGLAND,16832303,583587430001,20191104,OX9 3EZ,197204,MR
GUADALUPE,SINGH,,,,ACUMEN+ CONNAUGHT HOUSE 15-17 UPPER GEORGE STREET,,LUTON,,UNITED KINGDOM,58893583,693769190003,20170404,LU1 2RD,198607,MR
TATE,SHINOTO,,,,1-17-7 IWANA,,NODA SHI,CHIBA-KEN,JAPAN,85241543,417600710003,19910904,,194207,MR
HOLLAND,KELLY,,,,"2 KENSLEY APARTMENTS, 25 LOWTHER STREET",,WHITEHAVEN,CUMBRIA,UNITED KINGDOM,51317503,161872790001,20160225,CA28 7DG,196207,
GERRY,BALDWIN,,,,5 ALEXANDRA TERRACE,,WINCHESTER,HAMPSHIRE,,78775663,226162870001,20070531,SO23 9SP,196506,
BILLIE,HOLBURN,,,,1 STOCKWELL PARK CRESCENT,,LONDON,ENGLAND,UNITED KINGDOM,78872287,206605510001,20220901,SW9 0DQ,197808,MS
MAX,WINDLE,,,,23 VALIANT GARDENS,SPROTBROUGH,DONCASTER,,ENGLAND,29304623,431381750001,20201026,DN5 7RU,198511,MISS
EASTON,JOHNSON,,,,67 FOWLER ROAD,,SUTTON COLDFIELD,WEST MIDLANDS,,43707687,112245510002,20020222,B75 7LN,196508,
JAZZ,CARUSO,,,,LITTLE FOLLY NORTHFIELD ROAD,,TRING,HERTFORDSHIRE,,53080255,734949590001,20080605,HP23 5QJ,196605,MR
SULLIVAN,LEGG,,,,21 WEMBLEY AVENUE,,WHITLEY BAY,TYNE AND WEAR,UNITED KINGDOM,31214303,747682550001,20220726,NE25 8TE,,MS
BILLIE,FILETRAVEL COMPANY DIRECTOR LIMITED,,,,240 HAWTHORNE ROAD,,LIVERPOOL,,,95168263,914331590001,20070411,L20 3AS,,
CODY,HICKEN,,,,84 CREYNOLDS LANE,,"SHIRLEY, SOLIHULL",WEST MIDLANDS,UNITED KINGDOM,17086575,331632070001,20170515,B90 4FB,196202,
WYATT,SPEED,,,,17 ROBERT KAY PLACE,,LARBERT,FALKIRK,SCOTLAND,75029079,816108710001,20090106,FK5 4FQ,197008,MR
ARDEN,GRANDIN,,,,38 RYHILL WAY,LOWER EARLEY,READING,BERKSHIRE,,34376487,713052710001,20010105,RG6 4AZ,194303,
WOLF,CUMBERBATCH,,,,18 BLUNDELL CLOSE,,LONDON,,ENGLAND,29753471,639258710001,20200821,E8 2RS,197702,MRS
ELLISON,MACWHIRTER,,,,40-42 BRANTWOOD AVENUE,,DUNDEE,,SCOTLAND,53103783,134770230001,20190628,DD3 6EW,195506,MR
SHILOH,CARLISLE,,,,68 ALBERT STREET,MANSFIELD WOODHOUSE,MANSFIELD,NOTTINGHAMSHIRE,ENGLAND,25462655,371271590001,20160819,NG19 8BH,196910,MR
LYRIC,LAMB,,,,"UNIT A, 1 BRINDLEY ROAD",SOUTH WEST INDUSTRIAL ESTATE,PETERLEE,,ENGLAND,51898567,427022470001,20200504,SR8 2LT,195401,MR
JUDE,CLINK SECRETARIAL LIMITED,,,,21 GROUND FLOOR,BUNHILL ROW,LONDON,,,55125607,533475670002,20090217,EC1Y 8LP,,
BRIGHTON,HILLYARD,,,,TOP FLOOR FLAT 25 AYNHOE ROAD,,BROOK GREEN,LONDON,,87350367,444856710001,20020430,,197703,
TONY,CHENG,BSC(HONS) MPHIL,,,97 ABERCARN CLOSE,CHEETHAM HILL,MANCHESTER,LANCASHIRE,,49539127,324051430001,20050301,M8 9AL,197901,
NOEL,MOCKETT,,,,82 TOLLERS LANE,,COULSDON,SURREY,,91896943,981673430001,20090930,CR5 1BB,196007,MR
EVER,KIDD,,,,14 SOUTH GROVE,,FLEET,,UNITED KINGDOM,69869751,755115030001,20160818,GU51 2TU,195110,MR
ROYAL,EBOO,,,,41 THE DOWNS,WIMBLEDON,LONDON,,,22910527,267847590001,19910413,SW20 8HG,195402,
GREY,YOUNG,,,,PINECROFT,COLPITTS GRANGE,SLALEY,HEXHAM,,92245503,192861590001,19940623,NE47 0BY,194412,
JACKIE,WILSON,,,,WHITE COTTAGE HACKENDEN LANE,,EAST GRINSTEAD,WEST SUSSEX,,39106799,478117830001,19940930,RH19 3DT,194211,
AUGUST,QUIN,,,,272 NORWICH ROAD,,DEREHAM,NORFOLK,ENGLAND,47192999,873514710001,20151001,NR20 3AY,,MR
TATUM,LEDINGHAM CHALMERS,,,,JOHNSTONE HOUSE,52-54 ROSE STREET,ABERDEEN,,,80825839,458368550001,19900403,AB10 1HA,,
GREY,CAIN,,,,3RD FLOOR THE PINNACLE,73 KING STREET,MANCHESTER,,,73454327,633354390001,20081022,M2 3NG,196309,MR
OLLIE,LANGLEY,,,,CATFOSS GRANGE HOUSE,CATFOSS,SIGGLESTHORNE,E YORKS,,29456575,547083350001,20021218,HU11 5QX,196806,MR
KELLY,SPEIGHT,,,,22 MAPLEWOOD COURT,LANGLEY PARK,CO DURHAM,COUNTY DURHAM,,44376943,832353750001,20050930,DH7 9FZ,197508,MRS
ROBIN,LLOYD,,,,"FFYNNONLWYD,","LLANGYNIN, ST. CLEARS",CARMARTHEN,DYFED,,16310103,632826310002,20000510,SA33 4LD,196404,MR
ZEPHYR,MIR,,,,814 GARRATT LANE,,LONDON,,ENGLAND,43648799,391151190001,20020522,SW17 0LZ,198205,MR
REMY,GARDNER,,,,HARPERS BATCH FELTON LANE,WINFORD,BRISTOL,,UNITED KINGDOM,67255943,932168950001,20220223,BS40 8AF,194406,DR
BRIGHTON,ABDALLE,,,,FLAT 36 COOPERS COURT CHURCH ROAD,ACTON,LONDON,,,88521783,836614630001,20140406,W3 8PN,199012,MR
BLAIR,KING,,,,KEHELLAND TRUST KEHELLAND,,CAMBORNE,CORNWALL,ENGLAND,30643039,140511270001,20190501,TR14 0DD,196301,MR
ROBIN,PATEL,,,,ELTHORNE GATE 64 HIGH STREET,,PINNER,,ENGLAND,95089703,422910790001,20190426,HA5 5QA,198910,MRS
MCKENNA,DOWNIE,,,,20 WENLOCK ROAD,,LONDON,,ENGLAND,26905903,459020870002,20230912,N1 7GU,196708,MR
CAREY,RAJAN,,,,62 MONKHAM'S AVENUE,,WOODFORD,,UNITED KINGDOM,23092007,794079430001,20180521,IG8 0EY,197309,MR
ESRA,OLANREWAJU,,,,136 PENNINE DRIVE,,LONDON,,,34458767,877869110001,20040908,NW2 1NL,194605,
ALEX,MCKINNON,,,,1ST FLOOR 20 THAYER STREET,,LONDON,,UNITED KINGDOM,84999271,724074230001,20160310,W1U 2DD,197809,MR.
KIT,EVANS,,,,THE CHERRY ORCHARD,"ROSEMARY LANE, TIDENHAM CHASE",CHEPSTOW,,,31239415,750925670001,20060401,NP16 7LL,194006,
ISA,GRERO,,,,FLAT 4 223 FINCHLEY ROAD,,LONDON,,UNITED KINGDOM,91925807,765589430002,20090101,NW3 6LP,197108,MR
REAGAN,PEARMAN,,,,CHILDOWN,SINGLETON,CHICHESTER,WEST SUSSEX,,88973591,812602550001,19920131,PO18 0HB,194205,
BOWIE,ASHMELE,,,,47 ST MARYS AVENUE,,NORTHWOOD,MIDDLESEX,UNITED KINGDOM,20377071,747519910001,20110629,HA6 3AY,,
LAINE,HARRIS,,,,35 SHELLEY AVENUE,BULLBROOK,BRACKNELL,BERKSHIRE,,22332015,465278310001,19960704,RG12 2RP,194606,
SAWYER,PURNELL,,,,52 THE FAIRWAY,,LEIGH ON SEA,ESSEX,UNITED KINGDOM,56427767,364541190001,20220617,SS9 4QL,194906,MRS
MORGAN,SASIKUMAR,,,,INNOVATION CENTRE MEDWAY MAIDSTONE ROAD,,CHATHAM,KENT,,27205351,323580230001,20160607,ME5 9FD,198007,MR
ARIES,MCNAB,,,,15 COLUMBA ROAD,,EDINBURGH,,UNITED KINGDOM,40703543,991103030002,20130220,EH4 3QZ,195508,MR
KIRBY,KOZLUDERE,,,,"FLAT 111, BLACKTHORN COURT HALL ROAD",,LONDON,,UNITED KINGDOM,63506367,791196550001,20200828,E15 2DL,198911,MR
STORM,JOSIFE,,,,23 BEECH HILL,HADLEY WOOD,BARNET,HERTFORDSHIRE,,68779967,554858150001,19990730,EN4 0JN,197602,
QUINN,SALIHI,,,,66 ROPER ROAD,,CANTERBURY,KENT,,93248855,990942230001,20070709,CT2 7RS,196707,
ELLIS,PITTS,,,,2 ASHWORTH CLOSE,CRICK,NORTHAMPTON,,ENGLAND,87282311,939885670001,20220518,NN6 7XD,196710,MRS
GUADALUPE,OLUBODUN,,,,1 BALDWYNS PARK,,BEXLEY,,ENGLAND,41288047,888566950001,20180213,DA5 2BE,197106,MR
CYAN,HANDS,,,,"6TH FLOOR, RADCLIFFE HOUSE BLENHEIM COURT",,SOLIHULL,,ENGLAND,47437887,383338390001,20190401,B91 2AA,,MR
DUNE,RAZAVI MEHR,,,,85 GREAT PORTLAND STREET,FIRST FLOOR,LONDON,,ENGLAND,98897727,403876230001,20220725,W1W 7LT,199406,MR
STEVIE,BROADHURST,,,,11 HARDMAN ROAD,FOXTON,CAMBRIDGE,CAMBRIDGESHIRE,,77729511,867663270001,20181003,CB22 6RN,197902,MRS
AUDEN,GARCIA CARBALLO,,,,EDUARDO VICENTE NO. 50,,BUEU,PONTEVEDRA,SPAIN,93356767,443516710001,20050322,,,
ACE,HUSSAIN,,,,64 CASTLE BOULEVARD,,NOTTINGHAM,,ENGLAND,91361399,484575590001,20180329,NG7 1FN,198105,MR
MASON,THIND,,,,21 WALDEN ROAD,,HORNCHURCH,ESSEX,,24712335,346193670001,20091119,RM11 2JT,195102,
